<?xml version='1.0' encoding='UTF-8' ?>
<timeLogEntries>
  <time id="67" path="/Non Project/PSP Training/Program 5/Planning" start="@1427493274762" delta="19" interrupt="4" flag="A" />
  <time id="68" path="/Non Project/PSP Training/Program 5/Design" start="@1427494685861" delta="10" flag="A" />
  <time id="69" flag="D" />
  <time id="70" path="/Non Project/PSP Training/Program 5/Design" start="@1427995624868" delta="30" interrupt="35" flag="A" />
  <time id="71" path="/Non Project/PSP Training/Program 5/Design" start="@1428002062786" delta="9" interrupt="15" flag="A" />
  <time id="72" path="/Non Project/PSP Training/Program 5/Design" start="@1428004124688" delta="5" flag="A" />
  <time id="73" path="/Non Project/PSP Training/Program 5/Design" start="@1428019271381" delta="8" flag="A" />
  <time id="74" path="/Non Project/PSP Training/Program 5/Design Review" start="@1428164136835" delta="32" flag="A" />
  <time id="75" path="/Non Project/PSP Training/Program 5/Code" start="@1428166077933" delta="22" flag="A" />
  <time id="76" path="/Non Project/PSP Training/Program 5/Code Review" start="@1428167573746" delta="6" flag="A" />
  <time id="77" path="/Non Project/PSP Training/Program 5/Test" start="@1428167932000" delta="8" flag="A" />
  <time id="78" path="/Non Project/PSP Training/Program 5/Postmortem" start="@1428168756790" delta="10" flag="A" />
  <time id="79" path="/Non Project/PSP Training/Program 5/Postmortem" start="@1428169827538" delta="3" flag="A" />
</timeLogEntries>
