<?xml version='1.0' encoding='UTF-8' ?>
<timeLogEntries>
  <time id="1" path="/Non Project/PSP Training/Student Profile" start="@1422654529533" delta="10" />
  <time id="2" path="/Non Project/PSP Training/Student Profile" start="@1422655266131" delta="13" />
  <time id="3" path="/Non Project/PSP Training/Program 1/Planning" start="@1423173818027" delta="21" interrupt="4" comment="Entendí requerimientos. " />
  <time id="4" path="/Non Project/PSP Training/Program 1/Planning" start="@1423242373968" delta="1" comment="Llené la información de estimación de tiempo. " />
  <time id="5" path="/Non Project/PSP Training/Program 1/Design" start="@1423242779223" delta="46" />
  <time id="6" path="/Non Project/PSP Training/Program 1/Design" start="@1423246181613" delta="6" interrupt="5" />
  <time id="7" path="/Non Project/PSP Training/Program 1/Design" start="@1423247155257" delta="16" interrupt="4" />
  <time id="8" path="/Non Project/PSP Training/Program 1/Design" start="@1423248480352" delta="20" />
  <time id="9" path="/Non Project/PSP Training/Program 1/Design" start="@1423250392370" delta="4" />
  <time id="10" path="/Non Project/PSP Training/Program 1/Design" start="@1423254187166" delta="11" />
  <time id="11" path="/Non Project/PSP Training/Program 1/Design" start="@1423255273513" delta="16" />
  <time id="12" path="/Non Project/PSP Training/Program 1/Code" start="@1423257471152" delta="37" interrupt="4" />
  <time id="13" path="/Non Project/PSP Training/Program 1/Code" start="@1423260543000" delta="21" interrupt="4" />
  <time id="14" path="/Non Project/PSP Training/Program 1/Code" start="@1423602656527" delta="2" interrupt="1" />
</timeLogEntries>
