<?xml version='1.0' encoding='UTF-8' ?>
<timeLogEntries>
  <time id="40" path="/Non Project/PSP Training/Program 3/Planning" start="@1425239843869" delta="4" flag="A" />
  <time id="41" path="/Non Project/PSP Training/Program 3/Planning" start="@1425240667433" delta="4" interrupt="2" flag="A" />
  <time id="42" path="/Non Project/PSP Training/Program 3/Design" start="@1425248602771" delta="3" interrupt="79" flag="A" />
  <time id="43" path="/Non Project/PSP Training/Program 3/Design" start="@1425255467008" delta="1" flag="A" />
  <time id="44" path="/Non Project/PSP Training/Program 3/Design" start="@1425256550138" delta="73" flag="A" />
  <time id="45" path="/Non Project/PSP Training/Program 3/Design Review" start="@1425343075936" delta="16" flag="A" />
  <time id="46" path="/Non Project/PSP Training/Program 3/Design Review" start="@1425357560692" delta="18" flag="A" />
  <time id="47" path="/Non Project/PSP Training/Program 3/Design Review" start="@1425360143471" delta="24" flag="A" />
</timeLogEntries>
